{
  "project_info": {
    "project_number": "790794079307",
    "firebase_url": "https://blockchain-72851.firebaseio.com",
    "project_id": "blockchain-72851",
    "storage_bucket": "blockchain-72851.appspot.com"
  },
  "client": [
    {
      "client_info": {
        "mobilesdk_app_id": "1:790794079307:android:384d9013ebed4998",
        "android_client_info": {
          "package_name": "com.example.alhalim.blockchain"
        }
      },
      "oauth_client": [
        {
          "client_id": "790794079307-3nu5qatcbmrdjeo18b7e09gm0e8k3v2g.apps.googleusercontent.com",
          "client_type": 1,
          "android_info": {
            "package_name": "com.example.alhalim.blockchain",
            "certificate_hash": "314aa9677390a08a6c151bf5f56d7c12bc090a69"
          }
        },
        {
          "client_id": "790794079307-stpknkrvei69dmqraetndhl6ga12hhi5.apps.googleusercontent.com",
          "client_type": 3
        }
      ],
      "api_key": [
        {
          "current_key": "AIzaSyBmicHjssAEGe6_TRYCCF_aCWP_xznMHpY"
        }
      ],
      "services": {
        "analytics_service": {
          "status": 1
        },
        "appinvite_service": {
          "status": 2,
          "other_platform_oauth_client": [
            {
              "client_id": "790794079307-stpknkrvei69dmqraetndhl6ga12hhi5.apps.googleusercontent.com",
              "client_type": 3
            }
          ]
        },
        "ads_service": {
          "status": 2
        }
      }
    }
  ],
  "configuration_version": "1"
}